{"cameraMode":{"drawMode":0,"name":"Shaded","section":"Shading Mode"},"sceneLighting":false,"audioPlay":false,"sceneViewState":{"showFog":true,"showMaterialUpdate":false,"showSkybox":true,"showFlares":true,"showImageEffects":true,"showParticleSystems":true},"in2DMode":false,"pivot":{"x":15.369999885559082,"y":1.0,"z":5.550000190734863},"rotation":{"x":-0.18227189779281617,"y":-0.31712380051612856,"z":0.06224656477570534,"w":-0.9286198616027832},"size":4.041658401489258,"orthographic":false}